{"Accuracy": 0.8173828125, "Loss": 0.5000960826873779, "MSE": 0.02629001997411251}