{"Accuracy": 0.8251953125, "Loss": 0.4692040979862213, "MSE": 0.024830127134919167}